Date,Actual Price,Predicted Price
2023-02-22,24472.33984375,24711.813157325872
2023-02-23,24572.08984375,25060.053415904495
2023-02-24,24103.705078125,24580.778875665583
2023-02-25,23210.2109375,24054.085901892573
2023-02-26,23654.3671875,24651.958614101375
2023-02-27,23857.890625,24302.326587979638
2023-02-28,23585.384765625,23754.869994419943
2023-03-01,23880.6328125,24013.02511599688
2023-03-02,23739.138671875,23600.712602685468
2023-03-03,23479.34765625,23425.59682739654
2023-03-04,22405.177734375,22786.066707635946
2023-03-05,22613.685546875,23438.237597546424
2023-03-06,22584.29296875,23077.449278736756
2023-03-07,22527.41796875,22890.838188334863
2023-03-08,22268.896484375,22498.667070867305
2023-03-09,21802.716796875,22049.203455841704
2023-03-10,20370.595703125,20891.638067857206
2023-03-11,20792.525390625,21921.01422471992
2023-03-12,22185.03125,22536.28965722686
2023-03-13,24550.837890625,23433.41890501532
2023-03-14,26514.716796875,23667.879169588232
2023-03-15,25240.615234375,22236.99492441613
2023-03-16,25190.326171875,23460.03818491489
2023-03-17,27787.8125,26214.99086797916
2023-03-18,27725.953125,25772.056912216332
2023-03-19,28440.560546875,27192.703976433917
2023-03-20,28527.724609375,27487.427665297993
2023-03-21,28439.5625,27694.3637256077
2023-03-22,28803.3359375,28493.85358646731
2023-03-23,28729.84375,28827.04354570379
2023-03-24,28388.4375,28767.6872117998
2023-03-25,27791.826171875,28627.286059033333
2023-03-26,28178.14453125,29082.80195135953
2023-03-27,28037.92578125,28699.18992503174
2023-03-28,27460.71875,28289.09457537396
2023-03-29,28619.54296875,29167.71977871647
2023-03-30,29159.90234375,28864.87015562027
2023-03-31,28639.896484375,28338.004019922126
2023-04-01,28802.45703125,28827.447994124486
2023-04-02,28518.958984375,28628.36383363571
2023-04-03,28475.623046875,28793.935646933776
2023-04-04,28433.7421875,28925.400189283875
2023-04-05,28739.23828125,29096.35207172865
2023-04-06,28178.384765625,28459.46729008229
2023-04-07,28111.59375,28599.213608227215
2023-04-08,28159.86328125,28524.005229459388
2023-04-09,28532.830078125,28657.71898631479
2023-04-10,29771.46484375,29273.55541162937
2023-04-11,30509.083984375,29295.71327525652
2023-04-12,30462.48046875,29158.240362642267
2023-04-13,30539.845703125,29584.932351134637
2023-04-14,31005.607421875,30218.481026003636
2023-04-15,30601.740234375,30171.584939116885
2023-04-16,30555.537109375,30659.568202251023
2023-04-17,30319.197265625,30644.098934841786
2023-04-18,30470.302734375,30816.657693586047
2023-04-19,30411.0546875,30696.291860060046
2023-04-20,29076.400390625,29831.615244234305
2023-04-21,28349.96875,29680.41069772291
2023-04-22,27872.142578125,29359.18338876637
2023-04-23,27820.244140625,29137.478384973994
2023-04-24,27979.982421875,28867.170110082585
2023-04-25,28371.078125,28645.434586550527
2023-04-26,29995.837890625,29210.532848705454
2023-04-27,29871.546875,28417.377522109902
2023-04-28,29572.791015625,28525.632858784746
2023-04-29,29452.455078125,28870.48033745261
2023-04-30,29952.029296875,29524.567746599067
2023-05-01,29329.935546875,29182.638091634548
2023-05-02,28881.298828125,29345.480473902287
2023-05-03,29259.533203125,29642.715867444134
2023-05-04,29353.185546875,29406.696136611135
2023-05-05,29668.908203125,29530.012274839737
2023-05-06,29820.126953125,29498.136901048183
2023-05-07,29157.517578125,28957.832595806198
2023-05-08,28663.271484375,28924.651541729952
2023-05-09,27821.400390625,28570.59121840956
2023-05-10,28322.6875,29127.81805756976
2023-05-11,27621.94140625,28224.36804953927
2023-05-12,27055.646484375,27876.810231846437
2023-05-13,27030.482421875,27728.458055583334
2023-05-14,27150.9765625,27499.25116998094
2023-05-15,27646.34765625,27552.040281843158
2023-05-16,27299.3046875,27025.47849927487
2023-05-17,27465.927734375,27176.204208502717
2023-05-18,27466.52734375,27075.13611228024
2023-05-19,27128.619140625,26920.09645795628
2023-05-20,27155.158203125,27146.890646919463
2023-05-21,27265.91796875,27216.948765797624
2023-05-22,27045.734375,26942.443523715807
2023-05-23,27434.68359375,27299.70394069559
2023-05-24,27224.603515625,26936.87339523249
2023-05-25,26591.51953125,26571.070432368197
2023-05-26,26916.669921875,27077.952588812488
2023-05-27,26888.8828125,26852.13857576546
2023-05-28,28193.44921875,27745.734667020562
2023-05-29,28432.0390625,27382.791224414428
2023-05-30,28044.759765625,27164.005378604386
2023-05-31,27831.677734375,27359.86714870516
2023-06-01,27346.10546875,27344.46211497288
2023-06-02,27303.861328125,27653.218825105367
2023-06-03,27317.052734375,27763.16478965267
2023-06-04,27407.01953125,27687.345949217146
2023-06-05,27129.982421875,27288.756371520783
2023-06-06,27313.8203125,27428.841992477843
2023-06-07,27332.181640625,27263.098559232414
2023-06-08,26797.513671875,26878.142954950028
2023-06-09,26770.2890625,27073.72209683049
2023-06-10,26531.044921875,26833.029361452664
2023-06-11,26203.439453125,26589.873793108898
2023-06-12,26087.919921875,26541.99705507555
2023-06-13,26376.3515625,26622.074761347107
2023-06-14,26041.80078125,26066.69850911345
2023-06-15,25735.30859375,25914.2937821473
2023-06-16,26463.173828125,26463.369586088684
2023-06-17,26769.39453125,26257.699530443675
2023-06-18,26675.92578125,26113.55840953469
2023-06-19,26984.611328125,26484.457410602397
2023-06-20,28388.96875,27408.48966827313
2023-06-21,30737.330078125,28613.116764547754
2023-06-22,30495.998046875,28032.035279132782
2023-06-23,31389.5390625,29368.15689027488
2023-06-24,30804.1484375,29295.408723289787
2023-06-25,31041.271484375,30379.705435779215
2023-06-26,30636.029296875,30650.192156890633
2023-06-27,31006.787109375,31437.63990516243
2023-06-28,30703.279296875,31096.183716624066
2023-06-29,30796.25,31322.090759210565
2023-06-30,31256.86328125,31460.8104224578
2023-07-01,30641.2890625,30903.964346496225
2023-07-02,30766.140625,31194.93624505956
2023-07-03,31375.61328125,31529.602402047884
2023-07-04,31325.197265625,31244.77484098027
2023-07-05,30877.330078125,31066.688986913887
2023-07-06,31460.052734375,31647.280198941404
2023-07-07,30434.64453125,30734.07952041488
2023-07-08,30374.4375,31127.461622541803
2023-07-09,30427.58984375,31109.712123661266
2023-07-10,31026.083984375,31296.70909608854
2023-07-11,30788.314453125,30781.084943279464
2023-07-12,30959.96484375,30967.40334683579
2023-07-13,31814.515625,31325.808219514347
2023-07-14,31582.25390625,30968.466828645087
2023-07-15,30407.78125,30507.688838880164
2023-07-16,30437.560546875,31056.44100238266
2023-07-17,30336.400390625,30862.56889347445
2023-07-18,30233.65625,30753.722907164356
2023-07-19,30184.181640625,30637.39931251752
2023-07-20,30195.53125,30393.943754587035
2023-07-21,30045.998046875,30067.19557392206
2023-07-22,29991.615234375,30048.272265019797
2023-07-23,30330.640625,30230.560170809873
2023-07-24,30093.39453125,29910.463075791802
2023-07-25,29353.16015625,29525.81853011451
2023-07-26,29675.552734375,29975.411055556127
2023-07-27,29560.966796875,29658.43935628846
2023-07-28,29521.513671875,29615.970305455143
2023-07-29,29396.84375,29482.710748038422
2023-07-30,29443.169921875,29432.55782741486
2023-07-31,29489.873046875,29339.68274947917
2023-08-01,29675.732421875,29467.678367610406
2023-08-02,29987.998046875,29588.098892172333
2023-08-03,29375.70703125,29108.11931135754
2023-08-04,29302.078125,29345.724655677186
2023-08-05,29102.46484375,29245.16750028901
2023-08-06,29160.822265625,29336.07096815177
2023-08-07,29244.28125,29314.142064249052
2023-08-08,30176.796875,29827.982915011347
2023-08-09,30093.435546875,29335.523328248306
2023-08-10,29688.564453125,29233.319756650664
2023-08-11,29517.7734375,29389.85465911639
2023-08-12,29465.11328125,29519.417607362113
2023-08-13,29441.43359375,29590.213630027523
2023-08-14,29660.25390625,29784.041894829345
2023-08-15,29439.12109375,29447.405236298146
2023-08-16,29221.9765625,29311.594470480006
2023-08-17,28745.947265625,29032.49986008737
2023-08-18,26808.1953125,27847.493376890343
2023-08-19,26249.44921875,28032.27692744397
2023-08-20,26260.681640625,27846.565532023742
2023-08-21,26220.201171875,27273.527262547195
2023-08-22,26135.5078125,26729.008265746612
2023-08-23,26786.8984375,26764.97204474992
2023-08-24,26554.91015625,25922.126316013866
2023-08-25,26248.103515625,25804.308890720396
2023-08-26,26107.384765625,25889.762767496777
2023-08-27,26165.373046875,26003.00724049235
2023-08-28,26198.578125,26000.87185722041
2023-08-29,28089.337890625,27378.920670739913
2023-08-30,27760.16015625,26301.39520211289
2023-08-31,27456.078125,26470.780714879467
2023-09-01,26125.869140625,25913.11720718137
2023-09-02,25970.28515625,26537.871812889687
2023-09-03,26087.1484375,26695.856224601623
2023-09-04,26081.525390625,26621.4164649076
2023-09-05,25858.375,26149.124754207645
2023-09-06,25953.015625,26051.09666522552
2023-09-07,26409.302734375,26104.93883982666
2023-09-08,26414.005859375,25911.61332817443
2023-09-09,25921.9765625,25642.920522262997
2023-09-10,25978.130859375,25950.88294186344
2023-09-11,25883.947265625,25850.031345721756
2023-09-12,26451.939453125,26340.9978639523
2023-09-13,26376.11328125,26057.88030900153
2023-09-14,26774.623046875,26397.27405212008
2023-09-15,26840.498046875,26290.81864855349
2023-09-16,26754.76953125,26352.654874710617
2023-09-17,26617.998046875,26429.671025504984
2023-09-18,27414.734375,27194.226491562986
2023-09-19,27488.763671875,26953.55139137747
2023-09-20,27379.505859375,27012.822193569587
2023-09-21,27152.939453125,27005.881234449174
2023-09-22,26726.078125,26876.983381151902
2023-09-23,26634.185546875,27039.170263015414
2023-09-24,26716.05859375,27149.56764895044
2023-09-25,26421.5078125,26776.50500240288
2023-09-26,26389.884765625,26741.71064141178
2023-09-27,26817.841796875,26905.351631088855
2023-09-28,27259.5,26930.534483296626
2023-09-29,27225.9375,26752.130111909624
2023-09-30,27091.794921875,26773.82692698338
2023-10-01,28047.23828125,27578.517755878842
2023-10-02,28494.458984375,27618.250791661598
2023-10-03,27667.19140625,27151.804129228218
2023-10-04,27826.658203125,27824.57208679446
2023-10-05,28091.861328125,28005.64155490934
2023-10-06,28252.537109375,28105.673393527566
2023-10-07,28028.091796875,28048.030451849976
2023-10-08,28102.169921875,28205.930625567613
2023-10-09,27989.470703125,28014.63656360344
2023-10-10,27715.84765625,27928.586401357697
2023-10-11,27474.115234375,27878.902494954917
2023-10-12,26921.439453125,27516.27139745066
2023-10-13,27092.697265625,27716.21011004971
2023-10-14,26969.0,27380.041984533917
2023-10-15,27289.169921875,27488.955939883715
2023-10-16,29448.138671875,28712.14884198248
2023-10-17,28618.751953125,27257.902879296555
2023-10-18,28889.009765625,28040.06318184873
2023-10-19,28892.474609375,28216.960445241042
2023-10-20,30104.0859375,29316.36773409158
2023-10-21,30287.482421875,29311.476272024647
2023-10-22,30199.43359375,29636.612244612304
2023-10-23,34370.4375,32496.224058295644
2023-10-24,35150.43359375,31809.671377807306
2023-10-25,35133.7578125,32443.968171510714
2023-10-26,34832.91015625,33253.63632430474
2023-10-27,34238.2109375,33766.854444497614
2023-10-28,34399.390625,34727.33015185331
2023-10-29,34743.26171875,35511.80652472658
2023-10-30,34843.93359375,35446.191294856166
2023-10-31,34719.25390625,35247.237326348404
2023-11-01,35527.9296875,35676.26509960499
2023-11-02,35919.84375,35631.85394403733
2023-11-03,34942.47265625,35144.87191095491
2023-11-04,35256.03125,35787.04829729501
2023-11-05,35340.33984375,35752.518829337176
2023-11-06,35286.02734375,35731.22598786405
2023-11-07,35892.41796875,36162.946851717585
2023-11-08,35994.41796875,35987.4494029746
2023-11-09,37926.2578125,37020.059575630876
2023-11-10,37493.80078125,36422.596028166095
2023-11-11,37407.09375,36858.08278365254
2023-11-12,37227.69140625,37080.42554107444
2023-11-13,37405.1171875,37517.931555035786
2023-11-14,36753.3515625,37283.34619346108
2023-11-15,37964.89453125,38311.77595633746
2023-11-16,37934.625,37766.87783292732
2023-11-17,36704.484375,37130.5414998435
2023-11-18,36839.28125,37534.92455021919
2023-11-19,37509.35546875,37760.43146012763
2023-11-20,37756.8203125,37609.61119304046
2023-11-21,37631.140625,37569.65741983829
2023-11-22,37856.98046875,37673.559528036945
2023-11-23,37643.91796875,37441.36312731226
2023-11-24,38415.33984375,38092.63751999763
2023-11-25,37892.4296875,37743.74359840274
2023-11-26,37820.30078125,37950.9225612742
2023-11-27,37559.35546875,37829.16972192917
2023-11-28,38368.48046875,38354.150504207966
2023-11-29,38366.11328125,38099.62703999554
2023-11-30,38141.75390625,38078.490225546644
2023-12-01,38954.109375,38552.756665880224
2023-12-02,39678.9375,38786.49332844696
2023-12-03,40135.60546875,39034.27278302207
2023-12-04,42371.75,40442.12919830794
2023-12-05,44408.6640625,41271.683187618386
2023-12-06,44265.76953125,41430.94769924447
2023-12-07,44042.58984375,42328.533965005394
2023-12-08,44705.515625,43524.25102398083
2023-12-09,44361.2578125,43920.46502908376
2023-12-10,44034.625,44530.83782089547
2023-12-11,43808.375,44767.531668542055
2023-12-12,42048.3046875,43838.44330567455
2023-12-13,43429.78125,44756.40696658884
2023-12-14,43390.859375,44116.80840641218
2023-12-15,43087.82421875,43737.25416066454
2023-12-16,42664.9453125,43395.0966208637
2023-12-17,42359.49609375,43133.32018059981
2023-12-18,42720.296875,43159.622809442386
2023-12-19,43354.296875,43438.48970773953
2023-12-20,44275.5859375,43640.17026709765
2023-12-21,44240.66796875,43419.87585850379
2023-12-22,44367.95703125,43651.84816515882
2023-12-23,44015.69921875,43681.10843249524
2023-12-24,43945.5234375,44007.58905542291
2023-12-25,43765.09375,44112.53153158205
2023-12-26,43603.17578125,44131.149800765226
2023-12-27,43683.16015625,44086.74196634485
2023-12-28,43804.78125,44003.21816152778
2023-12-29,43124.32421875,43505.052784593136
2023-12-30,42584.125,43294.18863554856
2023-12-31,42860.9375,43380.36342347869
2024-01-01,44175.4375,43784.259062903046
2024-01-02,45899.70703125,44255.6554607681
2024-01-03,45503.2421875,43830.4165505953
2024-01-04,44770.0234375,43875.44114710712
2024-01-05,44353.28515625,44176.82605363925
2024-01-06,44227.6328125,44540.583654768736
2024-01-07,44495.5703125,44940.65892538248
2024-01-08,47218.0,46242.05878698696
2024-01-09,47893.69921875,45853.51629572036
2024-01-10,47647.22265625,45896.47106574915
2024-01-11,48969.37109375,47037.24218984398
2024-01-12,46498.13671875,46212.09563856345
2024-01-13,43234.66015625,45757.93960790172
2024-01-14,43065.59765625,46507.93359441911
2024-01-15,43319.72265625,46013.360436545336
2024-01-16,43566.2734375,45297.27029614887
2024-01-17,43189.890625,44353.96501829903
2024-01-18,42876.34765625,43381.13044895146
2024-01-19,42134.16015625,42529.280022561245
2024-01-20,41877.89453125,42485.67549916063
2024-01-21,41855.3671875,42382.39524633456
2024-01-22,41651.20703125,42056.82596698144
2024-01-23,40127.3515625,41042.85845945653
2024-01-24,40483.78515625,41291.37599694161
2024-01-25,40254.48046875,40663.32791900258
2024-01-26,42209.38671875,41487.5433176513
2024-01-27,42195.6328125,40821.73036049736
2024-01-28,42797.17578125,41193.61751791985
2024-01-29,43305.8671875,41425.32185513947
2024-01-30,43838.9453125,42033.35145502887
2024-01-31,43717.40625,42340.140333240546
2024-02-01,43243.16796875,42721.56089659879
2024-02-02,43422.48828125,43152.41715983712
2024-02-03,43359.94140625,43266.599787738654
2024-02-04,43097.64453125,43253.39612425359
2024-02-05,43494.25,43514.08338846233
2024-02-06,43344.1484375,43251.03620034247
2024-02-07,44341.94921875,43759.90304942682
2024-02-08,45575.83984375,44223.65401904423
2024-02-09,48152.49609375,45420.16148923541
2024-02-10,48146.171875,45365.286406988904
2024-02-11,48535.9375,46366.126708366675
2024-02-12,50280.4765625,47854.0973212878
2024-02-13,50358.390625,48454.43359776001
2024-02-14,52021.37109375,50134.1225049003
2024-02-15,52820.06640625,51010.710745675664
2024-02-16,52537.96875,51374.82530302151
2024-02-17,52191.9140625,51972.20094783047
2024-02-18,52356.96484375,52691.626165325826
2024-02-19,52483.32421875,52988.97814284048
2024-02-20,52945.05078125,53452.55511976055
2024-02-21,52368.81640625,53165.216390293004
2024-02-22,52009.61328125,53034.82210258473
2024-02-23,51497.93359375,52767.19073135848
2024-02-24,51684.1953125,52828.415578282336
2024-02-25,51950.02734375,52737.283506948224
2024-02-26,54938.17578125,53853.84374711366
2024-02-27,57537.83984375,54381.39136673788
2024-02-28,63913.1328125,57109.84539824774
2024-02-29,63585.64453125,57185.1604575721
2024-03-01,63155.1015625,58971.185509123985
2024-03-02,62458.69921875,60575.34347249067
2024-03-03,63230.2109375,62669.37410200972
2024-03-04,68537.03125,65831.48659472747
2024-03-05,69170.625,66497.40891835153
2024-03-06,67637.9296875,66522.80957652746
2024-03-07,68029.921875,67544.02321453324
2024-03-08,70083.0546875,68912.98893741074
2024-03-09,68673.0546875,69069.84862381814
2024-03-10,70005.203125,70657.2792366047
2024-03-11,72850.7109375,71557.55654545898
2024-03-12,72825.65625,71428.55324736139
2024-03-13,73637.4765625,72466.04852901393
2024-03-14,73750.0703125,73144.44048972677
2024-03-15,72357.1328125,73114.31808071535
2024-03-16,70046.2734375,73061.41334977496
2024-03-17,68845.71875,73012.37485498421
2024-03-18,68897.1328125,72550.67797421085
2024-03-19,68106.9296875,71521.85550150622
2024-03-20,68115.2578125,70715.62995289595
2024-03-21,68199.9921875,69751.30386910297
2024-03-22,66623.75,68383.77734310078
2024-03-23,65976.3984375,67849.72746454364
2024-03-24,67622.7578125,68086.12828614668
2024-03-25,71162.59375,68768.27502438494
2024-03-26,71535.7421875,68534.43620593572
2024-03-27,71727.6875,69005.2146182341
2024-03-28,71546.0234375,69406.55651056117
2024-03-29,70913.09375,69979.77209552751
2024-03-30,70355.4921875,70677.06279319986
2024-03-31,71377.78125,71583.06201710702
2024-04-01,71342.09375,71346.20695421846
2024-04-02,69708.3828125,70683.73320644097
2024-04-03,66914.3203125,69650.08682151871
2024-04-04,69291.2578125,70403.06654189275
2024-04-05,68725.7578125,69392.08143974087
2024-04-06,69629.6015625,69581.99144652132
2024-04-07,70284.4296875,69346.74728771627
2024-04-08,72715.359375,69925.2424564821
2024-04-09,71742.5078125,69537.35544365614
2024-04-10,71093.4296875,70293.05682412937
2024-04-11,71256.234375,70790.01504385496
2024-04-12,71222.7421875,71168.7978282401
2024-04-13,67931.4296875,70240.73056240666
2024-04-14,65824.4296875,69769.16168329079
2024-04-15,66878.6484375,69528.77432392216
2024-04-16,64355.66796875,67545.9933142566
2024-04-17,64486.36328125,67077.77304384903
2024-04-18,64125.6875,65818.79309372396
2024-04-19,65481.59765625,65290.24790424471
2024-04-20,65442.45703125,64574.25854815422
2024-04-21,65723.2421875,64634.640797343905
2024-04-22,67233.9609375,64964.0457662767
2024-04-23,67199.2421875,65081.96780807951
2024-04-24,67075.3671875,65505.173754704316
2024-04-25,65275.20703125,65352.47521434199
2024-04-26,64789.65625,65560.98880013154
2024-04-27,63898.36328125,65252.040308987576
2024-04-28,64321.484375,65357.415518942566
2024-04-29,64174.87890625,64755.457248730265
2024-04-30,64703.33203125,64536.048248637744
2024-05-01,60780.5,62536.75739592247
2024-05-02,59602.296875,62270.913811177496
2024-05-03,63320.50390625,63261.775806361125
2024-05-04,64494.95703125,62732.00190288432
2024-05-05,64610.890625,62550.68867053118
2024-05-06,65494.90234375,62962.83325200131
2024-05-07,64390.45703125,62487.01762160378
2024-05-08,62986.0859375,62821.238381548246
2024-05-09,63404.9140625,63905.44101908158
2024-05-10,63446.7421875,63874.30139320684
2024-05-11,61451.15234375,62947.96379690232
2024-05-12,61818.15625,63092.68628327214
2024-05-13,63422.66015625,63072.518474662735
2024-05-14,63092.125,62411.09826837196
2024-05-15,66454.453125,63848.134549679584
2024-05-16,66712.4296875,63643.882452405276
2024-05-17,67459.4609375,64393.71595537099
2024-05-18,67387.328125,65165.831863697575
2024-05-19,67694.296875,66198.75101010015
2024-05-20,71483.5625,68249.72405304303
2024-05-21,71946.4609375,68931.73961125287
2024-05-22,70623.6953125,69227.60740369014
2024-05-23,70041.2734375,69908.22053705294
2024-05-24,69220.296875,70133.97301581468
2024-05-25,69579.3203125,70722.18221359958
2024-05-26,69506.2265625,70902.7985717227
2024-05-27,70597.8828125,70974.22123441732
2024-05-28,69514.640625,70090.84377016826
2024-05-29,68852.4609375,69865.04887346255
2024-05-30,69500.5390625,70034.45401854972
2024-05-31,68999.5625,69711.820415263
2024-06-01,67839.765625,69245.09927635972
2024-06-02,68409.1640625,69415.1393994453
2024-06-03,70230.8203125,69597.93672852038
2024-06-04,71047.40625,69594.51682444572
2024-06-05,71735.4140625,70006.46712947279
2024-06-06,71625.734375,70152.20476840701
2024-06-07,71907.8515625,70665.26214522743
2024-06-08,69533.3203125,70363.72967078132
2024-06-09,69817.5234375,71113.65100164415
2024-06-10,70146.0703125,71066.76755142512
2024-06-11,69549.4140625,70588.38472139876
2024-06-12,69977.890625,70487.03175757026
2024-06-13,68365.78125,69495.42041466823
2024-06-14,67294.6484375,68846.89167575106
2024-06-15,66402.1875,68372.45690108788
2024-06-16,66894.84375,68204.53820058718
2024-06-17,67188.3203125,67677.19487341134
2024-06-18,66556.703125,66989.0757811524
2024-06-19,65695.3515625,66264.84040178388
2024-06-20,66438.9609375,66336.76791033315
2024-06-21,65007.546875,65502.594447109164
2024-06-22,64475.46875,65413.04910462636
2024-06-23,64491.703125,65168.525573716484
2024-06-24,63292.52734375,64282.7711389871
2024-06-25,62258.26171875,63649.0123742205
2024-06-26,62434.13671875,63440.18119511545
2024-06-27,62293.86328125,62722.642444501034
2024-06-28,62126.09765625,62277.83117950028
2024-06-29,61097.62109375,61560.95820079345
2024-06-30,62892.828125,62011.0743045336
2024-07-01,63777.2265625,61882.6346003989
2024-07-02,63203.359375,61720.120563281
2024-07-03,62187.703125,61613.95434553466
2024-07-04,60399.67578125,61167.91546293268
2024-07-05,57497.15234375,60194.18069738592
2024-07-06,58472.546875,60794.011277171
2024-07-07,58371.12109375,59843.36294230807
2024-07-08,58131.3359375,58940.93127609842
2024-07-09,58239.1953125,58274.474622052236
2024-07-10,59359.43359375,58122.61363893699
2024-07-11,59299.43359375,57692.132590275825
2024-07-12,58532.5546875,57739.96804216683
2024-07-13,59787.078125,58506.415744595695
2024-07-14,61329.52734375,59083.5899789727
2024-07-15,64870.15234375,60666.07262918094
2024-07-16,65354.33984375,61090.21081321075
2024-07-17,66066.734375,62242.66221994569
2024-07-18,65104.66015625,62820.43604373248
2024-07-19,67442.640625,65016.953628022326
2024-07-20,67610.734375,65793.73829350306
2024-07-21,68372.90625,67058.63012626902
2024-07-22,68480.0625,67485.02742199245
2024-07-23,67779.015625,67690.08724714401
2024-07-24,67113.984375,67848.97432440007
2024-07-25,66112.421875,67919.07771902822
2024-07-26,68207.6015625,68707.82815526427
2024-07-27,69398.5078125,68754.26889106432
2024-07-28,68301.8515625,68219.04538102366
2024-07-29,69987.5390625,69022.99126620572
2024-07-30,66987.671875,67871.4316634019
2024-07-31,66810.2109375,68403.86023335712
2024-08-01,65593.2421875,68076.41133569172
2024-08-02,65523.22265625,67876.0590557593
2024-08-03,62148.37109375,65934.32524312008
2024-08-04,61062.98828125,65239.34467397629
2024-08-05,58268.828125,62905.53725531114
2024-08-06,57059.91796875,61660.84288172364
2024-08-07,57726.8828125,60659.91184414258
2024-08-08,62673.765625,61259.60781383775
2024-08-09,61751.86328125,59141.68580978153
2024-08-10,61464.51171875,59168.66766027773
2024-08-11,61778.66015625,59414.76047715086
2024-08-12,60680.33203125,59464.783826591476
2024-08-13,61572.3984375,60682.97864812885
2024-08-14,61687.7578125,61155.28879356712
2024-08-15,59838.6484375,60246.142162415796
2024-08-16,59847.359375,60412.14077967647
2024-08-17,59694.66796875,60109.181356457266
2024-08-18,60262.71875,60075.41206251642
2024-08-19,59612.66015625,59638.47282412414
2024-08-20,61396.328125,60247.700967712735
2024-08-21,61834.3515625,59965.75537622775
2024-08-22,61408.109375,60044.96635679998
2024-08-23,64947.0625,61846.36236339029
2024-08-24,64513.7890625,61687.329218545696
2024-08-25,64996.421875,62686.456549813476
2024-08-26,64489.70703125,63280.50211153603
2024-08-27,63210.796875,63423.10406504209
2024-08-28,60236.44921875,62805.334479731406
2024-08-29,61184.08203125,63728.68399821101
2024-08-30,59896.88671875,62391.33979614338
2024-08-31,59432.59375,61788.136150023
2024-09-01,59062.0703125,60872.31847895002
2024-09-02,59403.0703125,60232.669093264674
2024-09-03,59815.05859375,59701.09031452022
2024-09-04,58511.5703125,58991.72834366892
2024-09-05,58300.58203125,58784.41692033263
2024-09-06,56976.109375,58027.159662941645
2024-09-07,54838.14453125,57094.719097032896
2024-09-08,55300.859375,57193.53306632086
2024-09-09,58041.125,57597.759241125386
2024-09-10,58029.9765625,56586.04143122079
2024-09-11,57991.3203125,56507.04977777784
2024-09-12,58534.359375,56708.8542843311
2024-09-13,60648.0234375,57710.83005557106
2024-09-14,60656.72265625,58123.88383691224
2024-09-15,60381.91796875,58882.19519480363
2024-09-16,59205.51171875,58852.9374351711
2024-09-17,61316.08984375,60202.963608936465
2024-09-18,61664.06640625,60348.331393321496
2024-09-19,63872.44140625,61655.83998396875
2024-09-20,64119.53125,61737.93445865765
2024-09-21,63543.359375,62008.49291313748
2024-09-22,63993.421875,62841.727458761176
2024-09-23,64733.55859375,63810.50154816592
2024-09-24,64695.21484375,64183.69646943518
2024-09-25,64804.50390625,64729.19156651746
2024-09-26,65790.796875,65230.92973198298
2024-09-27,66480.6953125,65516.19579396883
2024-09-28,66255.53125,65728.87167121105
2024-09-29,66069.34375,66046.67984946321
2024-09-30,65635.0546875,66108.02976545236
2024-10-01,64110.98046875,65740.99778524954
2024-10-02,62357.6875,65265.57932979606
2024-10-03,61469.0390625,64745.71809454051
2024-10-04,62465.9921875,64522.68139365192
2024-10-05,62371.0234375,63604.91435235205
2024-10-06,62959.5703125,63230.31307920723
2024-10-07,64443.70703125,63198.80078230795
2024-10-08,63174.3046875,62365.35891413021
2024-10-09,62508.8359375,62504.36493507697
2024-10-10,61236.72265625,62305.14411853865
2024-10-11,63400.87109375,63258.1364167516
2024-10-12,63448.78515625,62897.13028502281
2024-10-13,63272.65234375,62883.1344539499
2024-10-14,66482.4921875,63982.057901566994
2024-10-15,67881.6796875,64274.324564250666
2024-10-16,68375.2890625,64983.99468887411
2024-10-17,67912.2109375,65834.35524364587
2024-10-18,68969.75,67040.47576474654
2024-10-19,68668.0078125,67574.01450254193
2024-10-20,69359.0078125,68757.38318383711
2024-10-21,69462.734375,69088.48634475436
2024-10-22,67801.578125,68679.81380921228
2024-10-23,67402.7421875,68775.53921685947
2024-10-24,68798.9609375,69295.22726160377
2024-10-25,68722.15625,68911.76705650489
2024-10-26,67317.921875,68397.06613418738
2024-10-27,68221.3125,68705.10989776922
2024-10-28,70212.265625,69042.32243919362
2024-10-29,73577.2109375,70227.77319872045
2024-10-30,72905.296875,70244.86018836919
2024-10-31,72662.3125,70920.69759973908
2024-11-01,71559.015625,71163.70703951581
2024-11-02,69867.3515625,71414.02802375035
2024-11-03,69361.65625,71810.30419165739
2024-11-04,69433.1796875,71771.42862530536
2024-11-05,70522.7890625,71453.18944732091
2024-11-06,76460.15625,72992.27361903073
2024-11-07,76943.1171875,72469.23778153653
2024-11-08,77252.75,73294.02128673224
2024-11-09,76932.765625,74251.14987676953
2024-11-10,81474.421875,77080.25436597949
2024-11-11,89604.5,80854.15376885985
2024-11-12,89956.8828125,82477.70413572012
2024-11-13,93434.3515625,85635.84826669355
2024-11-14,91765.21875,87103.09420839415
2024-11-15,91868.7421875,89659.21529495955
2024-11-16,91763.9453125,91933.2324213675
2024-11-17,91433.0390625,93414.87382349893
2024-11-18,92596.7890625,94030.05873510172
2024-11-19,94002.8671875,94608.01093519054
2024-11-20,94902.0234375,94640.92831433583
2024-11-21,99014.21875,96175.01444870779
2024-11-22,99655.5,96743.88609064762
2024-11-23,99014.6796875,97590.4483583248
2024-11-24,98647.1796875,98664.33704612943
2024-11-25,98935.03125,99644.92243563909
2024-11-26,94991.75,99041.73410275254
2024-11-27,97361.1796875,100273.44127550883
